"","Home","Products","Search","Prod_A","Prod_B","Prod_C","Cart","Purchase","cluster"
"1",0.7,0.65,0.25,0.95,0.5,0,1,0.95,3
"2",0.142857142857143,1,0.523809523809524,0,1,0.571428571428571,0.19047619047619,0,2
"3",0.9,0.7,0.6,1,0.4,1,0.75,0.35,6
"4",1,0.5,0.928571428571429,0.0714285714285714,0.142857142857143,0.285714285714286,0.714285714285714,0.285714285714286,4
"5",0,1,0.1,0,1,0.9,1,0.9,5
"6",0.733333333333333,0.466666666666667,0.0666666666666667,0.866666666666667,0.266666666666667,0,0.133333333333333,0,1
